site_code year month day hour minute second time_decimal value value_std_dev nvalue latitude longitude altitude elevation intake_height qcflag,year ,month,day ,hour ,minute ,second, time_decimal,value,value_std_dev ,nvalue,latitude,longitude altitude elevation intake_height qcflag,altitude, elevation ,intake_height ,qcflag
BRW,1973,1,1,0,0,0,1973,-999.99,-99.99,0,71.323,-156.611,27,11,16,*..
BRW,1973,2,1,0,0,0,1973.084932,-999.99,-99.99,0,71.323,-156.611,27,11,16,*..
BRW,1973,3,1,0,0,0,1973.161644,-999.99,-99.99,0,71.323,-156.611,27,11,16,*..
BRW,1973,4,1,0,0,0,1973.246575,-999.99,-99.99,0,71.323,-156.611,27,11,16,*..
BRW,1973,5,1,0,0,0,1973.328767,-999.99,-99.99,0,71.323,-156.611,27,11,16,*..
BRW,1973,6,1,0,0,0,1973.413699,-999.99,-99.99,0,71.323,-156.611,27,11,16,*..
BRW,1973,7,1,0,0,0,1973.49589,324.55,0.38,5,71.323,-156.611,27,11,16,...
BRW,1973,8,1,0,0,0,1973.580822,322.73,0.84,23,71.323,-156.611,27,11,16,...
BRW,1973,9,1,0,0,0,1973.665753,324.72,1.8,28,71.323,-156.611,27,11,16,...
BRW,1973,10,1,0,0,0,1973.747945,329.88,2.77,29,71.323,-156.611,27,11,16,...
BRW,1973,11,1,0,0,0,1973.832877,333.61,0.77,27,71.323,-156.611,27,11,16,...
BRW,1973,12,1,0,0,0,1973.915068,334.6,1.6,30,71.323,-156.611,27,11,16,...
BRW,1974,1,1,0,0,0,1974,337.51,1.35,20,71.323,-156.611,27,11,16,...
BRW,1974,2,1,0,0,0,1974.084932,336.87,0.77,19,71.323,-156.611,27,11,16,...
BRW,1974,3,1,0,0,0,1974.161644,337.47,0.36,29,71.323,-156.611,27,11,16,...
BRW,1974,4,1,0,0,0,1974.246575,337.88,0.29,15,71.323,-156.611,27,11,16,...
BRW,1974,5,1,0,0,0,1974.328767,337.7,0.27,29,71.323,-156.611,27,11,16,...
BRW,1974,6,1,0,0,0,1974.413699,336.79,0.74,29,71.323,-156.611,27,11,16,...
BRW,1974,7,1,0,0,0,1974.49589,332.44,2.47,23,71.323,-156.611,27,11,16,...
BRW,1974,8,1,0,0,0,1974.580822,324.29,0.84,21,71.323,-156.611,27,11,16,...
BRW,1974,9,1,0,0,0,1974.665753,325.16,1.44,23,71.323,-156.611,27,11,16,...
BRW,1974,10,1,0,0,0,1974.747945,329.72,1.97,29,71.323,-156.611,27,11,16,...
BRW,1974,11,1,0,0,0,1974.832877,332.95,1.12,28,71.323,-156.611,27,11,16,...
BRW,1974,12,1,0,0,0,1974.915068,336.04,1.5,30,71.323,-156.611,27,11,16,...
BRW,1975,1,1,0,0,0,1975,337.63,0.72,30,71.323,-156.611,27,11,16,...
BRW,1975,2,1,0,0,0,1975.084932,337.83,1.63,16,71.323,-156.611,27,11,16,...
BRW,1975,3,1,0,0,0,1975.161644,338.01,0.41,26,71.323,-156.611,27,11,16,...
BRW,1975,4,1,0,0,0,1975.246575,338.61,0.34,30,71.323,-156.611,27,11,16,...
BRW,1975,5,1,0,0,0,1975.328767,338.92,0.7,11,71.323,-156.611,27,11,16,...
BRW,1975,6,1,0,0,0,1975.413699,336.23,0.96,27,71.323,-156.611,27,11,16,...
BRW,1975,7,1,0,0,0,1975.49589,329.04,1.36,14,71.323,-156.611,27,11,16,...
BRW,1975,8,1,0,0,0,1975.580822,324.37,1.96,23,71.323,-156.611,27,11,16,...
BRW,1975,9,1,0,0,0,1975.665753,324.34,1.82,25,71.323,-156.611,27,11,16,...
BRW,1975,10,1,0,0,0,1975.747945,328.57,1.45,27,71.323,-156.611,27,11,16,...
BRW,1975,11,1,0,0,0,1975.832877,333.71,1.33,22,71.323,-156.611,27,11,16,...
BRW,1975,12,1,0,0,0,1975.915068,335.96,0.76,27,71.323,-156.611,27,11,16,...
BRW,1976,1,1,0,0,0,1976,336.42,1.31,25,71.323,-156.611,27,11,16,...
BRW,1976,2,1,0,0,0,1976.084699,336.08,0.47,10,71.323,-156.611,27,11,16,...
BRW,1976,3,1,0,0,0,1976.163934,337.14,0.6,13,71.323,-156.611,27,11,16,...
BRW,1976,4,1,0,0,0,1976.248634,337.43,0.45,9,71.323,-156.611,27,11,16,...
BRW,1976,5,1,0,0,0,1976.330601,336.71,2.36,29,71.323,-156.611,27,11,16,...
BRW,1976,6,1,0,0,0,1976.415301,336.21,0.36,28,71.323,-156.611,27,11,16,...
BRW,1976,7,1,0,0,0,1976.497268,331.07,2.72,28,71.323,-156.611,27,11,16,...
BRW,1976,8,1,0,0,0,1976.581967,323.69,1.4,22,71.323,-156.611,27,11,16,...
BRW,1976,9,1,0,0,0,1976.666667,325.02,1.6,25,71.323,-156.611,27,11,16,...
BRW,1976,10,1,0,0,0,1976.748634,329.73,1.91,26,71.323,-156.611,27,11,16,...
BRW,1976,11,1,0,0,0,1976.833333,334.02,1.33,30,71.323,-156.611,27,11,16,...
BRW,1976,12,1,0,0,0,1976.915301,336.51,0.85,28,71.323,-156.611,27,11,16,...
BRW,1977,1,1,0,0,0,1977,336.84,0.92,31,71.323,-156.611,27,11,16,...
BRW,1977,2,1,0,0,0,1977.084932,336.85,0.67,24,71.323,-156.611,27,11,16,...
BRW,1977,3,1,0,0,0,1977.161644,338.23,0.84,30,71.323,-156.611,27,11,16,...
BRW,1977,4,1,0,0,0,1977.246575,339.15,0.5,29,71.323,-156.611,27,11,16,...
BRW,1977,5,1,0,0,0,1977.328767,339.43,0.32,30,71.323,-156.611,21,11,10,...
BRW,1977,6,1,0,0,0,1977.413699,337.83,0.83,30,71.323,-156.611,21,11,10,...
BRW,1977,7,1,0,0,0,1977.49589,330.11,3.16,31,71.323,-156.611,21,11,10,...
BRW,1977,8,1,0,0,0,1977.580822,325.65,1.1,22,71.323,-156.611,21,11,10,...
BRW,1977,9,1,0,0,0,1977.665753,327.5,2.16,28,71.323,-156.611,21,11,10,...
BRW,1977,10,1,0,0,0,1977.747945,332.04,1.48,31,71.323,-156.611,21,11,10,...
BRW,1977,11,1,0,0,0,1977.832877,334.79,2.07,29,71.323,-156.611,21,11,10,...
BRW,1977,12,1,0,0,0,1977.915068,338.86,1.31,29,71.323,-156.611,21,11,10,...
BRW,1978,1,1,0,0,0,1978,339.29,1.03,29,71.323,-156.611,21,11,10,...
BRW,1978,2,1,0,0,0,1978.084932,340.26,0.98,28,71.323,-156.611,21,11,10,...
BRW,1978,3,1,0,0,0,1978.161644,341.59,0.8,29,71.323,-156.611,21,11,10,...
BRW,1978,4,1,0,0,0,1978.246575,340.99,0.37,30,71.323,-156.611,21,11,10,...
BRW,1978,5,1,0,0,0,1978.328767,340.79,0.28,31,71.323,-156.611,21,11,10,...
BRW,1978,6,1,0,0,0,1978.413699,339.35,1.4,30,71.323,-156.611,21,11,10,...
BRW,1978,7,1,0,0,0,1978.49589,332.4,2.21,28,71.323,-156.611,21,11,10,...
BRW,1978,8,1,0,0,0,1978.580822,327.68,1.32,22,71.323,-156.611,21,11,10,...
BRW,1978,9,1,0,0,0,1978.665753,327.44,1.52,23,71.323,-156.611,21,11,10,...
BRW,1978,10,1,0,0,0,1978.747945,331.86,3.03,20,71.323,-156.611,21,11,10,...
BRW,1978,11,1,0,0,0,1978.832877,338.85,0.96,28,71.323,-156.611,21,11,10,...
BRW,1978,12,1,0,0,0,1978.915068,339.46,0.89,29,71.323,-156.611,21,11,10,...
BRW,1979,1,1,0,0,0,1979,340,0.94,29,71.323,-156.611,21,11,10,...
BRW,1979,2,1,0,0,0,1979.084932,341.38,0.87,25,71.323,-156.611,21,11,10,...
BRW,1979,3,1,0,0,0,1979.161644,342.53,0.52,31,71.323,-156.611,21,11,10,...
BRW,1979,4,1,0,0,0,1979.246575,342.36,0.47,30,71.323,-156.611,21,11,10,...
BRW,1979,5,1,0,0,0,1979.328767,342.88,0.37,31,71.323,-156.611,21,11,10,...
BRW,1979,6,1,0,0,0,1979.413699,341.95,1.17,30,71.323,-156.611,21,11,10,...
BRW,1979,7,1,0,0,0,1979.49589,333.57,3.71,23,71.323,-156.611,21,11,10,...
BRW,1979,8,1,0,0,0,1979.580822,327.79,0.94,21,71.323,-156.611,21,11,10,...
BRW,1979,9,1,0,0,0,1979.665753,329.34,1.79,24,71.323,-156.611,21,11,10,...
BRW,1979,10,1,0,0,0,1979.747945,333.19,1.43,29,71.323,-156.611,21,11,10,...
BRW,1979,11,1,0,0,0,1979.832877,338.24,1.84,29,71.323,-156.611,21,11,10,...
BRW,1979,12,1,0,0,0,1979.915068,341.58,1.43,25,71.323,-156.611,21,11,10,...
BRW,1980,1,1,0,0,0,1980,342.01,0.47,25,71.323,-156.611,27.46,11,16.46,...
BRW,1980,2,1,0,0,0,1980.084699,342.41,0.79,26,71.323,-156.611,27.46,11,16.46,...
BRW,1980,3,1,0,0,0,1980.163934,343.33,0.84,23,71.323,-156.611,27.46,11,16.46,...
BRW,1980,4,1,0,0,0,1980.248634,343.37,0.08,3,71.323,-156.611,27.46,11,16.46,...
BRW,1980,5,1,0,0,0,1980.330601,343.21,0.46,16,71.323,-156.611,27.46,11,16.46,...
BRW,1980,6,1,0,0,0,1980.415301,342.87,1.09,15,71.323,-156.611,27.46,11,16.46,...
BRW,1980,7,1,0,0,0,1980.497268,337.49,1.67,19,71.323,-156.611,27.46,11,16.46,...
BRW,1980,8,1,0,0,0,1980.581967,332.07,1.76,15,71.323,-156.611,27.46,11,16.46,...
BRW,1980,9,1,0,0,0,1980.666667,331.55,1.03,13,71.323,-156.611,27.46,11,16.46,...
BRW,1980,10,1,0,0,0,1980.748634,338.49,2.38,19,71.323,-156.611,27.46,11,16.46,...
BRW,1980,11,1,0,0,0,1980.833333,340.52,0.67,30,71.323,-156.611,27.46,11,16.46,...
BRW,1980,12,1,0,0,0,1980.915301,343.46,1.43,27,71.323,-156.611,27.46,11,16.46,...
BRW,1981,1,1,0,0,0,1981,344.33,0.83,31,71.323,-156.611,27.46,11,16.46,...
BRW,1981,2,1,0,0,0,1981.084932,345.58,0.91,26,71.323,-156.611,27.46,11,16.46,...
BRW,1981,3,1,0,0,0,1981.161644,344.64,0.46,30,71.323,-156.611,27.46,11,16.46,...
BRW,1981,4,1,0,0,0,1981.246575,345.9,0.76,29,71.323,-156.611,27.46,11,16.46,...
BRW,1981,5,1,0,0,0,1981.328767,346.91,0.63,30,71.323,-156.611,27.46,11,16.46,...
BRW,1981,6,1,0,0,0,1981.413699,344.51,1.41,29,71.323,-156.611,27.46,11,16.46,...
BRW,1981,7,1,0,0,0,1981.49589,338.27,3.49,21,71.323,-156.611,27.46,11,16.46,...
BRW,1981,8,1,0,0,0,1981.580822,332.17,0.79,30,71.323,-156.611,27.46,11,16.46,...
BRW,1981,9,1,0,0,0,1981.665753,333.89,1.63,28,71.323,-156.611,27.46,11,16.46,...
BRW,1981,10,1,0,0,0,1981.747945,339.24,2.31,28,71.323,-156.611,27.46,11,16.46,...
BRW,1981,11,1,0,0,0,1981.832877,342.54,1.17,27,71.323,-156.611,27.46,11,16.46,...
BRW,1981,12,1,0,0,0,1981.915068,345.02,0.7,24,71.323,-156.611,27.46,11,16.46,...
BRW,1982,1,1,0,0,0,1982,346,1.35,20,71.323,-156.611,27.46,11,16.46,...
BRW,1982,2,1,0,0,0,1982.084932,347.66,1.94,23,71.323,-156.611,27.46,11,16.46,...
BRW,1982,3,1,0,0,0,1982.161644,348.33,0.85,30,71.323,-156.611,27.46,11,16.46,...
BRW,1982,4,1,0,0,0,1982.246575,348.3,0.42,28,71.323,-156.611,27.46,11,16.46,...
BRW,1982,5,1,0,0,0,1982.328767,348.18,0.38,29,71.323,-156.611,27.46,11,16.46,...
BRW,1982,6,1,0,0,0,1982.413699,346.03,1.39,27,71.323,-156.611,27.46,11,16.46,...
BRW,1982,7,1,0,0,0,1982.49589,339.15,2.16,30,71.323,-156.611,27.46,11,16.46,...
BRW,1982,8,1,0,0,0,1982.580822,333.27,1.31,23,71.323,-156.611,27.46,11,16.46,...
BRW,1982,9,1,0,0,0,1982.665753,333.49,1.45,25,71.323,-156.611,27.46,11,16.46,...
BRW,1982,10,1,0,0,0,1982.747945,337.97,1.94,27,71.323,-156.611,27.46,11,16.46,...
BRW,1982,11,1,0,0,0,1982.832877,342.23,1.25,30,71.323,-156.611,27.46,11,16.46,...
BRW,1982,12,1,0,0,0,1982.915068,344.71,1.22,31,71.323,-156.611,27.46,11,16.46,...
BRW,1983,1,1,0,0,0,1983,347.14,0.82,25,71.323,-156.611,27.46,11,16.46,...
BRW,1983,2,1,0,0,0,1983.084932,347.13,1.27,28,71.323,-156.611,27.46,11,16.46,...
BRW,1983,3,1,0,0,0,1983.161644,348.31,1.08,31,71.323,-156.611,27.46,11,16.46,...
BRW,1983,4,1,0,0,0,1983.246575,348.33,0.44,29,71.323,-156.611,27.46,11,16.46,...
BRW,1983,5,1,0,0,0,1983.328767,348.49,0.31,31,71.323,-156.611,27.46,11,16.46,...
BRW,1983,6,1,0,0,0,1983.413699,347.03,1.43,29,71.323,-156.611,27.46,11,16.46,...
BRW,1983,7,1,0,0,0,1983.49589,340.81,2.44,29,71.323,-156.611,27.46,11,16.46,...
BRW,1983,8,1,0,0,0,1983.580822,333.72,1.51,28,71.323,-156.611,27.46,11,16.46,...
BRW,1983,9,1,0,0,0,1983.665753,335.33,2.17,29,71.323,-156.611,27.46,11,16.46,...
BRW,1983,10,1,0,0,0,1983.747945,340.56,2.07,27,71.323,-156.611,27.46,11,16.46,...
BRW,1983,11,1,0,0,0,1983.832877,346.68,1.05,30,71.323,-156.611,27.46,11,16.46,...
BRW,1983,12,1,0,0,0,1983.915068,346.75,1.7,24,71.323,-156.611,27.46,11,16.46,...
BRW,1984,1,1,0,0,0,1984,350.81,1.74,20,71.323,-156.611,27.46,11,16.46,...
BRW,1984,2,1,0,0,0,1984.084699,350.99,0.84,29,71.323,-156.611,27.46,11,16.46,...
BRW,1984,3,1,0,0,0,1984.163934,350.2,0.48,30,71.323,-156.611,27.46,11,16.46,...
BRW,1984,4,1,0,0,0,1984.248634,349.98,0.21,30,71.323,-156.611,27.46,11,16.46,...
BRW,1984,5,1,0,0,0,1984.330601,350.86,0.43,31,71.323,-156.611,27.46,11,16.46,...
BRW,1984,6,1,0,0,0,1984.415301,348.55,1.22,28,71.323,-156.611,27.46,11,16.46,...
BRW,1984,7,1,0,0,0,1984.497268,341.95,2.85,25,71.323,-156.611,27.46,11,16.46,...
BRW,1984,8,1,0,0,0,1984.581967,335.65,1.09,22,71.323,-156.611,27.46,11,16.46,...
BRW,1984,9,1,0,0,0,1984.666667,338.13,2.25,24,71.323,-156.611,27.46,11,16.46,...
BRW,1984,10,1,0,0,0,1984.748634,341.7,2.11,27,71.323,-156.611,27.46,11,16.46,...
BRW,1984,11,1,0,0,0,1984.833333,345.05,0.29,27,71.323,-156.611,27.46,11,16.46,...
BRW,1984,12,1,0,0,0,1984.915301,348.68,1.32,31,71.323,-156.611,27.46,11,16.46,...
BRW,1985,1,1,0,0,0,1985,349.79,0.74,30,71.323,-156.611,27.46,11,16.46,...
BRW,1985,2,1,0,0,0,1985.084932,349.62,0.54,26,71.323,-156.611,27.46,11,16.46,...
BRW,1985,3,1,0,0,0,1985.161644,350.7,0.49,29,71.323,-156.611,27.46,11,16.46,...
BRW,1985,4,1,0,0,0,1985.246575,351.66,0.48,29,71.323,-156.611,27.46,11,16.46,...
BRW,1985,5,1,0,0,0,1985.328767,352.62,0.5,30,71.323,-156.611,27.46,11,16.46,...
BRW,1985,6,1,0,0,0,1985.413699,350.07,1,30,71.323,-156.611,27.46,11,16.46,...
BRW,1985,7,1,0,0,0,1985.49589,343.88,2.17,28,71.323,-156.611,27.46,11,16.46,...
BRW,1985,8,1,0,0,0,1985.580822,337.91,0.79,28,71.323,-156.611,27.46,11,16.46,...
BRW,1985,9,1,0,0,0,1985.665753,338.34,2.07,28,71.323,-156.611,27.46,11,16.46,...
BRW,1985,10,1,0,0,0,1985.747945,343.33,1.92,30,71.323,-156.611,27.46,11,16.46,...
BRW,1985,11,1,0,0,0,1985.832877,347.08,1.05,23,71.323,-156.611,27.46,11,16.46,...
BRW,1985,12,1,0,0,0,1985.915068,349.62,2.27,29,71.323,-156.611,27.46,11,16.46,...
BRW,1986,1,1,0,0,0,1986,350.26,0.82,30,71.323,-156.611,27.46,11,16.46,...
BRW,1986,2,1,0,0,0,1986.084932,351.83,0.71,27,71.323,-156.611,27.46,11,16.46,...
BRW,1986,3,1,0,0,0,1986.161644,353.67,1,26,71.323,-156.611,27.46,11,16.46,...
BRW,1986,4,1,0,0,0,1986.246575,353.22,0.38,30,71.323,-156.611,27.46,11,16.46,...
BRW,1986,5,1,0,0,0,1986.328767,353.52,0.45,31,71.323,-156.611,27.46,11,16.46,...
BRW,1986,6,1,0,0,0,1986.413699,351.76,1.72,29,71.323,-156.611,27.46,11,16.46,...
BRW,1986,7,1,0,0,0,1986.49589,345.4,2.78,25,71.323,-156.611,27.46,11,16.46,...
BRW,1986,8,1,0,0,0,1986.580822,339.72,1.44,27,71.323,-156.611,27.46,11,16.46,...
BRW,1986,9,1,0,0,0,1986.665753,340.78,2.16,20,71.323,-156.611,27.46,11,16.46,...
BRW,1986,10,1,0,0,0,1986.747945,344.9,2.26,22,71.323,-156.611,27.46,11,16.46,...
BRW,1986,11,1,0,0,0,1986.832877,348.68,1.07,29,71.323,-156.611,27.46,11,16.46,...
BRW,1986,12,1,0,0,0,1986.915068,351.17,1.17,30,71.323,-156.611,27.46,11,16.46,...
BRW,1987,1,1,0,0,0,1987,352.57,1.05,27,71.323,-156.611,27.46,11,16.46,...
BRW,1987,2,1,0,0,0,1987.084932,352.93,0.65,28,71.323,-156.611,27.46,11,16.46,...
BRW,1987,3,1,0,0,0,1987.161644,354.15,0.87,31,71.323,-156.611,27.46,11,16.46,...
BRW,1987,4,1,0,0,0,1987.246575,354.08,0.46,25,71.323,-156.611,27.46,11,16.46,...
BRW,1987,5,1,0,0,0,1987.328767,354.66,0.6,31,71.323,-156.611,27.46,11,16.46,...
BRW,1987,6,1,0,0,0,1987.413699,352.38,1.21,30,71.323,-156.611,27.46,11,16.46,...
BRW,1987,7,1,0,0,0,1987.49589,346.87,3.15,28,71.323,-156.611,27.46,11,16.46,...
BRW,1987,8,1,0,0,0,1987.580822,340.71,1.49,26,71.323,-156.611,27.46,11,16.46,...
BRW,1987,9,1,0,0,0,1987.665753,340.57,1.04,25,71.323,-156.611,27.46,11,16.46,...
BRW,1987,10,1,0,0,0,1987.747945,347.72,2.84,27,71.323,-156.611,27.46,11,16.46,...
BRW,1987,11,1,0,0,0,1987.832877,349.73,1.19,30,71.323,-156.611,27.46,11,16.46,...
BRW,1987,12,1,0,0,0,1987.915068,352.86,1.23,28,71.323,-156.611,27.46,11,16.46,...
BRW,1988,1,1,0,0,0,1988,354.89,1.2,28,71.323,-156.611,27.46,11,16.46,...
BRW,1988,2,1,0,0,0,1988.084699,356.39,0.97,29,71.323,-156.611,27.46,11,16.46,...
BRW,1988,3,1,0,0,0,1988.163934,356.57,0.67,30,71.323,-156.611,27.46,11,16.46,...
BRW,1988,4,1,0,0,0,1988.248634,357.53,0.45,30,71.323,-156.611,27.46,11,16.46,...
BRW,1988,5,1,0,0,0,1988.330601,356.75,0.81,31,71.323,-156.611,27.46,11,16.46,...
BRW,1988,6,1,0,0,0,1988.415301,355.42,1.16,28,71.323,-156.611,27.46,11,16.46,...
BRW,1988,7,1,0,0,0,1988.497268,348.84,2.07,23,71.323,-156.611,27.46,11,16.46,...
BRW,1988,8,1,0,0,0,1988.581967,343.1,1.54,26,71.323,-156.611,27.46,11,16.46,...
BRW,1988,9,1,0,0,0,1988.666667,345.47,1.37,23,71.323,-156.611,27.46,11,16.46,...
BRW,1988,10,1,0,0,0,1988.748634,350.33,1.54,24,71.323,-156.611,27.46,11,16.46,...
BRW,1988,11,1,0,0,0,1988.833333,354.68,2,26,71.323,-156.611,27.46,11,16.46,...
BRW,1988,12,1,0,0,0,1988.915301,357.97,1.08,24,71.323,-156.611,27.46,11,16.46,...
BRW,1989,1,1,0,0,0,1989,361.03,1.68,14,71.323,-156.611,27.46,11,16.46,...
BRW,1989,2,1,0,0,0,1989.084932,358.2,1.92,21,71.323,-156.611,27.46,11,16.46,...
BRW,1989,3,1,0,0,0,1989.161644,359.45,1.13,20,71.323,-156.611,27.46,11,16.46,...
BRW,1989,4,1,0,0,0,1989.246575,359.61,0.51,30,71.323,-156.611,27.46,11,16.46,...
BRW,1989,5,1,0,0,0,1989.328767,359.2,0.46,31,71.323,-156.611,27.46,11,16.46,...
BRW,1989,6,1,0,0,0,1989.413699,357.61,1.69,29,71.323,-156.611,27.46,11,16.46,...
BRW,1989,7,1,0,0,0,1989.49589,350.88,3.06,16,71.323,-156.611,27.46,11,16.46,...
BRW,1989,8,1,0,0,0,1989.580822,344.39,1.06,21,71.323,-156.611,27.46,11,16.46,...
BRW,1989,9,1,0,0,0,1989.665753,346.18,2.27,28,71.323,-156.611,27.46,11,16.46,...
BRW,1989,10,1,0,0,0,1989.747945,351.41,1.33,28,71.323,-156.611,27.46,11,16.46,...
BRW,1989,11,1,0,0,0,1989.832877,355.46,2.25,15,71.323,-156.611,27.46,11,16.46,...
BRW,1989,12,1,0,0,0,1989.915068,358.49,1.07,31,71.323,-156.611,27.46,11,16.46,...
BRW,1990,1,1,0,0,0,1990,359.9,0.9,27,71.323,-156.611,27.46,11,16.46,...
BRW,1990,2,1,0,0,0,1990.084932,359.88,0.88,21,71.323,-156.611,27.46,11,16.46,...
BRW,1990,3,1,0,0,0,1990.161644,361.37,1.16,31,71.323,-156.611,27.46,11,16.46,...
BRW,1990,4,1,0,0,0,1990.246575,361.08,0.43,30,71.323,-156.611,27.46,11,16.46,...
BRW,1990,5,1,0,0,0,1990.328767,360.49,0.77,30,71.323,-156.611,27.46,11,16.46,...
BRW,1990,6,1,0,0,0,1990.413699,356.96,2.22,29,71.323,-156.611,27.46,11,16.46,...
BRW,1990,7,1,0,0,0,1990.49589,350.31,2.91,22,71.323,-156.611,27.46,11,16.46,...
BRW,1990,8,1,0,0,0,1990.580822,346.02,0.89,30,71.323,-156.611,27.46,11,16.46,...
BRW,1990,9,1,0,0,0,1990.665753,346.54,0.75,27,71.323,-156.611,27.46,11,16.46,...
BRW,1990,10,1,0,0,0,1990.747945,352.14,2.62,24,71.323,-156.611,27.46,11,16.46,...
BRW,1990,11,1,0,0,0,1990.832877,357.02,1.67,26,71.323,-156.611,27.46,11,16.46,...
BRW,1990,12,1,0,0,0,1990.915068,359.26,1.5,28,71.323,-156.611,27.46,11,16.46,...
BRW,1991,1,1,0,0,0,1991,361.31,1.39,23,71.323,-156.611,27.46,11,16.46,...
BRW,1991,2,1,0,0,0,1991.084932,362.19,2.77,24,71.323,-156.611,27.46,11,16.46,...
BRW,1991,3,1,0,0,0,1991.161644,361.49,0.66,27,71.323,-156.611,27.46,11,16.46,...
BRW,1991,4,1,0,0,0,1991.246575,361.96,0.43,30,71.323,-156.611,27.46,11,16.46,...
BRW,1991,5,1,0,0,0,1991.328767,361.76,0.54,31,71.323,-156.611,27.46,11,16.46,...
BRW,1991,6,1,0,0,0,1991.413699,359.58,1.78,29,71.323,-156.611,27.46,11,16.46,...
BRW,1991,7,1,0,0,0,1991.49589,353.81,2.93,27,71.323,-156.611,27.46,11,16.46,...
BRW,1991,8,1,0,0,0,1991.580822,347.69,1.2,26,71.323,-156.611,27.46,11,16.46,...
BRW,1991,9,1,0,0,0,1991.665753,348.58,1.71,25,71.323,-156.611,27.46,11,16.46,...
BRW,1991,10,1,0,0,0,1991.747945,355.31,3.55,24,71.323,-156.611,27.46,11,16.46,...
BRW,1991,11,1,0,0,0,1991.832877,358.53,1.29,30,71.323,-156.611,27.46,11,16.46,...
BRW,1991,12,1,0,0,0,1991.915068,360.75,1.32,28,71.323,-156.611,27.46,11,16.46,...
BRW,1992,1,1,0,0,0,1992,361.67,0.8,31,71.323,-156.611,27.46,11,16.46,...
BRW,1992,2,1,0,0,0,1992.084699,362.16,0.83,28,71.323,-156.611,27.46,11,16.46,...
BRW,1992,3,1,0,0,0,1992.163934,362.64,0.42,30,71.323,-156.611,27.46,11,16.46,...
BRW,1992,4,1,0,0,0,1992.248634,362.7,0.32,30,71.323,-156.611,27.46,11,16.46,...
BRW,1992,5,1,0,0,0,1992.330601,362.86,0.88,31,71.323,-156.611,27.46,11,16.46,...
BRW,1992,6,1,0,0,0,1992.415301,360.45,1.66,30,71.323,-156.611,27.46,11,16.46,...
BRW,1992,7,1,0,0,0,1992.497268,353.12,3.02,31,71.323,-156.611,27.46,11,16.46,...
BRW,1992,8,1,0,0,0,1992.581967,347.24,1.44,28,71.323,-156.611,27.46,11,16.46,...
BRW,1992,9,1,0,0,0,1992.666667,347.91,1.45,29,71.323,-156.611,27.46,11,16.46,...
BRW,1992,10,1,0,0,0,1992.748634,353.8,1.54,29,71.323,-156.611,27.46,11,16.46,...
BRW,1992,11,1,0,0,0,1992.833333,357.46,1.01,30,71.323,-156.611,27.46,11,16.46,...
BRW,1992,12,1,0,0,0,1992.915301,361.28,1.89,31,71.323,-156.611,27.46,11,16.46,...
BRW,1993,1,1,0,0,0,1993,362.49,1.15,30,71.323,-156.611,27.46,11,16.46,...
BRW,1993,2,1,0,0,0,1993.084932,361.94,0.76,16,71.323,-156.611,27.46,11,16.46,...
BRW,1993,3,1,0,0,0,1993.161644,363.57,0,1,71.323,-156.611,27.46,11,16.46,...
BRW,1993,4,1,0,0,0,1993.246575,362.59,0.61,30,71.323,-156.611,27.46,11,16.46,...
BRW,1993,5,1,0,0,0,1993.328767,363.39,0.58,31,71.323,-156.611,27.46,11,16.46,...
BRW,1993,6,1,0,0,0,1993.413699,360.62,1.56,30,71.323,-156.611,27.46,11,16.46,...
BRW,1993,7,1,0,0,0,1993.49589,351.81,2.66,26,71.323,-156.611,27.46,11,16.46,...
BRW,1993,8,1,0,0,0,1993.580822,348.18,1.19,31,71.323,-156.611,27.46,11,16.46,...
BRW,1993,9,1,0,0,0,1993.665753,349.34,1.61,29,71.323,-156.611,27.46,11,16.46,...
BRW,1993,10,1,0,0,0,1993.747945,353.96,1.99,28,71.323,-156.611,27.46,11,16.46,...
BRW,1993,11,1,0,0,0,1993.832877,358.69,1.42,28,71.323,-156.611,27.46,11,16.46,...
BRW,1993,12,1,0,0,0,1993.915068,360.49,0.98,31,71.323,-156.611,27.46,11,16.46,...
BRW,1994,1,1,0,0,0,1994,362.21,0.88,31,71.323,-156.611,27.46,11,16.46,...
BRW,1994,2,1,0,0,0,1994.084932,364.08,2.09,28,71.323,-156.611,27.46,11,16.46,...
BRW,1994,3,1,0,0,0,1994.161644,365.22,0.69,29,71.323,-156.611,27.46,11,16.46,...
BRW,1994,4,1,0,0,0,1994.246575,364.47,0.22,30,71.323,-156.611,27.46,11,16.46,...
BRW,1994,5,1,0,0,0,1994.328767,364.25,0.4,31,71.323,-156.611,27.46,11,16.46,...
BRW,1994,6,1,0,0,0,1994.413699,362.82,1.81,29,71.323,-156.611,27.46,11,16.46,...
BRW,1994,7,1,0,0,0,1994.49589,355.06,2.93,29,71.323,-156.611,27.46,11,16.46,...
BRW,1994,8,1,0,0,0,1994.580822,349.38,1.28,20,71.323,-156.611,27.46,11,16.46,...
BRW,1994,9,1,0,0,0,1994.665753,350.76,1.4,29,71.323,-156.611,27.46,11,16.46,...
BRW,1994,10,1,0,0,0,1994.747945,356.89,2.11,27,71.323,-156.611,27.46,11,16.46,...
BRW,1994,11,1,0,0,0,1994.832877,360.96,1.85,29,71.323,-156.611,27.46,11,16.46,...
BRW,1994,12,1,0,0,0,1994.915068,364.5,0.98,30,71.323,-156.611,27.46,11,16.46,...
BRW,1995,1,1,0,0,0,1995,364.87,1.65,31,71.323,-156.611,27.46,11,16.46,...
BRW,1995,2,1,0,0,0,1995.084932,366.35,0.97,28,71.323,-156.611,27.46,11,16.46,...
BRW,1995,3,1,0,0,0,1995.161644,366.43,0.71,30,71.323,-156.611,27.46,11,16.46,...
BRW,1995,4,1,0,0,0,1995.246575,366.85,0.29,29,71.323,-156.611,27.46,11,16.46,...
BRW,1995,5,1,0,0,0,1995.328767,365.96,0.4,31,71.323,-156.611,27.46,11,16.46,...
BRW,1995,6,1,0,0,0,1995.413699,364.16,0.72,30,71.323,-156.611,27.46,11,16.46,...
BRW,1995,7,1,0,0,0,1995.49589,356.82,1.82,27,71.323,-156.611,27.46,11,16.46,...
BRW,1995,8,1,0,0,0,1995.580822,351.67,0.93,31,71.323,-156.611,27.46,11,16.46,...
BRW,1995,9,1,0,0,0,1995.665753,354.75,3.91,24,71.323,-156.611,27.46,11,16.46,...
BRW,1995,10,1,0,0,0,1995.747945,358.2,2.43,27,71.323,-156.611,27.46,11,16.46,...
BRW,1995,11,1,0,0,0,1995.832877,364.22,1.89,29,71.323,-156.611,27.46,11,16.46,...
BRW,1995,12,1,0,0,0,1995.915068,367.27,1.9,30,71.323,-156.611,27.46,11,16.46,...
BRW,1996,1,1,0,0,0,1996,366.76,1.25,29,71.323,-156.611,27.46,11,16.46,...
BRW,1996,2,1,0,0,0,1996.084699,367.67,1.06,28,71.323,-156.611,27.46,11,16.46,...
BRW,1996,3,1,0,0,0,1996.163934,367.84,0.32,30,71.323,-156.611,27.46,11,16.46,...
BRW,1996,4,1,0,0,0,1996.248634,368.17,0.31,30,71.323,-156.611,27.46,11,16.46,...
BRW,1996,5,1,0,0,0,1996.330601,369.23,0.99,30,71.323,-156.611,27.46,11,16.46,...
BRW,1996,6,1,0,0,0,1996.415301,367.25,1.21,28,71.323,-156.611,27.46,11,16.46,...
BRW,1996,7,1,0,0,0,1996.497268,361.12,2,26,71.323,-156.611,27.46,11,16.46,...
BRW,1996,8,1,0,0,0,1996.581967,355.56,1.41,30,71.323,-156.611,27.46,11,16.46,...
BRW,1996,9,1,0,0,0,1996.666667,354.36,1.45,27,71.323,-156.611,27.46,11,16.46,...
BRW,1996,10,1,0,0,0,1996.748634,361.06,2.07,25,71.323,-156.611,27.46,11,16.46,...
BRW,1996,11,1,0,0,0,1996.833333,364.3,1.6,28,71.323,-156.611,27.46,11,16.46,...
BRW,1996,12,1,0,0,0,1996.915301,366.78,1.17,31,71.323,-156.611,27.46,11,16.46,...
BRW,1997,1,1,0,0,0,1997,369.15,1.89,30,71.323,-156.611,27.46,11,16.46,...
BRW,1997,2,1,0,0,0,1997.084932,369.24,0.9,28,71.323,-156.611,27.46,11,16.46,...
BRW,1997,3,1,0,0,0,1997.161644,368.83,0.63,30,71.323,-156.611,27.46,11,16.46,...
BRW,1997,4,1,0,0,0,1997.246575,369.58,0.56,30,71.323,-156.611,27.46,11,16.46,...
BRW,1997,5,1,0,0,0,1997.328767,369.52,0.49,30,71.323,-156.611,27.46,11,16.46,...
BRW,1997,6,1,0,0,0,1997.413699,367.1,2.45,29,71.323,-156.611,27.46,11,16.46,...
BRW,1997,7,1,0,0,0,1997.49589,359.74,2.9,28,71.323,-156.611,27.46,11,16.46,...
BRW,1997,8,1,0,0,0,1997.580822,353.87,0.45,25,71.323,-156.611,27.46,11,16.46,...
BRW,1997,9,1,0,0,0,1997.665753,356.83,1.77,30,71.323,-156.611,27.46,11,16.46,...
BRW,1997,10,1,0,0,0,1997.747945,361.83,1.82,23,71.323,-156.611,27.46,11,16.46,...
BRW,1997,11,1,0,0,0,1997.832877,366.96,1.41,17,71.323,-156.611,27.46,11,16.46,...
BRW,1997,12,1,0,0,0,1997.915068,368.24,1.38,31,71.323,-156.611,27.46,11,16.46,...
BRW,1998,1,1,0,0,0,1998,369.7,0.72,31,71.323,-156.611,27.46,11,16.46,...
BRW,1998,2,1,0,0,0,1998.084932,370.69,0.81,28,71.323,-156.611,27.46,11,16.46,...
BRW,1998,3,1,0,0,0,1998.161644,370.85,0.67,30,71.323,-156.611,27.46,11,16.46,...
BRW,1998,4,1,0,0,0,1998.246575,371.59,0.56,30,71.323,-156.611,27.46,11,16.46,...
BRW,1998,5,1,0,0,0,1998.328767,371.62,0.56,30,71.323,-156.611,27.46,11,16.46,...
BRW,1998,6,1,0,0,0,1998.413699,369.42,1.47,28,71.323,-156.611,27.46,11,16.46,...
BRW,1998,7,1,0,0,0,1998.49589,362.52,2.19,26,71.323,-156.611,27.46,11,16.46,...
BRW,1998,8,1,0,0,0,1998.580822,357.24,1.03,25,71.323,-156.611,27.46,11,16.46,...
BRW,1998,9,1,0,0,0,1998.665753,360.64,2.67,25,71.323,-156.611,27.46,11,16.46,...
BRW,1998,10,1,0,0,0,1998.747945,365.72,1.74,23,71.323,-156.611,27.46,11,16.46,...
BRW,1998,11,1,0,0,0,1998.832877,369.64,0.89,28,71.323,-156.611,27.46,11,16.46,...
BRW,1998,12,1,0,0,0,1998.915068,373.21,1.37,28,71.323,-156.611,27.46,11,16.46,...
BRW,1999,1,1,0,0,0,1999,374.29,0.91,31,71.323,-156.611,27.46,11,16.46,...
BRW,1999,2,1,0,0,0,1999.084932,373.82,0.54,27,71.323,-156.611,27.46,11,16.46,...
BRW,1999,3,1,0,0,0,1999.161644,374.27,0.42,30,71.323,-156.611,27.46,11,16.46,...
BRW,1999,4,1,0,0,0,1999.246575,374.84,0.31,30,71.323,-156.611,27.46,11,16.46,...
BRW,1999,5,1,0,0,0,1999.328767,375.09,0.37,30,71.323,-156.611,27.46,11,16.46,...
BRW,1999,6,1,0,0,0,1999.413699,372.52,1.56,30,71.323,-156.611,27.46,11,16.46,...
BRW,1999,7,1,0,0,0,1999.49589,362.76,1.84,25,71.323,-156.611,27.46,11,16.46,...
BRW,1999,8,1,0,0,0,1999.580822,357.66,1.12,25,71.323,-156.611,27.46,11,16.46,...
BRW,1999,9,1,0,0,0,1999.665753,359.84,1.48,28,71.323,-156.611,27.46,11,16.46,...
BRW,1999,10,1,0,0,0,1999.747945,365.04,1.9,30,71.323,-156.611,27.46,11,16.46,...
BRW,1999,11,1,0,0,0,1999.832877,370.5,1.28,28,71.323,-156.611,27.46,11,16.46,...
BRW,1999,12,1,0,0,0,1999.915068,372.77,1.5,31,71.323,-156.611,27.46,11,16.46,...
BRW,2000,1,1,0,0,0,2000,375.05,1.24,27,71.323,-156.611,27.46,11,16.46,...
BRW,2000,2,1,0,0,0,2000.084699,376.67,0.94,23,71.323,-156.611,27.46,11,16.46,...
BRW,2000,3,1,0,0,0,2000.163934,374.73,0.57,31,71.323,-156.611,27.46,11,16.46,...
BRW,2000,4,1,0,0,0,2000.248634,375.61,0.48,24,71.323,-156.611,27.46,11,16.46,...
BRW,2000,5,1,0,0,0,2000.330601,376.17,0.51,30,71.323,-156.611,27.46,11,16.46,...
BRW,2000,6,1,0,0,0,2000.415301,372.66,2.78,28,71.323,-156.611,27.46,11,16.46,...
BRW,2000,7,1,0,0,0,2000.497268,365.77,3.38,26,71.323,-156.611,27.46,11,16.46,...
BRW,2000,8,1,0,0,0,2000.581967,360.8,0.88,24,71.323,-156.611,27.46,11,16.46,...
BRW,2000,9,1,0,0,0,2000.666667,363.28,1.85,29,71.323,-156.611,27.46,11,16.46,...
BRW,2000,10,1,0,0,0,2000.748634,368.67,2.04,27,71.323,-156.611,27.46,11,16.46,...
BRW,2000,11,1,0,0,0,2000.833333,371.41,1.58,29,71.323,-156.611,27.46,11,16.46,...
BRW,2000,12,1,0,0,0,2000.915301,373.14,1.5,28,71.323,-156.611,27.46,11,16.46,...
BRW,2001,1,1,0,0,0,2001,375.84,1.53,29,71.323,-156.611,27.46,11,16.46,...
BRW,2001,2,1,0,0,0,2001.084932,376.74,0.62,28,71.323,-156.611,27.46,11,16.46,...
BRW,2001,3,1,0,0,0,2001.161644,376.47,0.4,31,71.323,-156.611,27.46,11,16.46,...
BRW,2001,4,1,0,0,0,2001.246575,377.66,0.6,28,71.323,-156.611,27.46,11,16.46,...
BRW,2001,5,1,0,0,0,2001.328767,377.62,0.45,31,71.323,-156.611,27.46,11,16.46,...
BRW,2001,6,1,0,0,0,2001.413699,375.12,2.48,28,71.323,-156.611,27.46,11,16.46,...
BRW,2001,7,1,0,0,0,2001.49589,368.44,2.46,24,71.323,-156.611,27.46,11,16.46,...
BRW,2001,8,1,0,0,0,2001.580822,361.35,1.3,26,71.323,-156.611,27.46,11,16.46,...
BRW,2001,9,1,0,0,0,2001.665753,363.77,1.87,24,71.323,-156.611,27.46,11,16.46,...
BRW,2001,10,1,0,0,0,2001.747945,368.53,1.59,29,71.323,-156.611,27.46,11,16.46,...
BRW,2001,11,1,0,0,0,2001.832877,374.07,1.45,27,71.323,-156.611,27.46,11,16.46,...
BRW,2001,12,1,0,0,0,2001.915068,376.34,0.97,31,71.323,-156.611,27.46,11,16.46,...
BRW,2002,1,1,0,0,0,2002,378.31,1.44,30,71.323,-156.611,27.46,11,16.46,...
BRW,2002,2,1,0,0,0,2002.084932,377.72,0.75,25,71.323,-156.611,27.46,11,16.46,...
BRW,2002,3,1,0,0,0,2002.161644,378.41,0.54,30,71.323,-156.611,27.46,11,16.46,...
BRW,2002,4,1,0,0,0,2002.246575,379.24,0.28,27,71.323,-156.611,27.46,11,16.46,...
BRW,2002,5,1,0,0,0,2002.328767,379.32,0.67,27,71.323,-156.611,27.46,11,16.46,...
BRW,2002,6,1,0,0,0,2002.413699,376.01,1.63,30,71.323,-156.611,27.46,11,16.46,...
BRW,2002,7,1,0,0,0,2002.49589,369.62,3.79,29,71.323,-156.611,27.46,11,16.46,...
BRW,2002,8,1,0,0,0,2002.580822,363.01,1.32,28,71.323,-156.611,27.46,11,16.46,...
BRW,2002,9,1,0,0,0,2002.665753,366.1,2.03,22,71.323,-156.611,27.46,11,16.46,...
BRW,2002,10,1,0,0,0,2002.747945,369.89,2.39,7,71.323,-156.611,27.46,11,16.46,...
BRW,2002,11,1,0,0,0,2002.832877,-999.99,-99.99,0,71.323,-156.611,27.46,11,16.46,*..
BRW,2002,12,1,0,0,0,2002.915068,378.71,1.42,18,71.323,-156.611,27.46,11,16.46,...
BRW,2003,1,1,0,0,0,2003,378.96,0.67,31,71.323,-156.611,27.46,11,16.46,...
BRW,2003,2,1,0,0,0,2003.084932,380.97,1.24,28,71.323,-156.611,27.46,11,16.46,...
BRW,2003,3,1,0,0,0,2003.161644,381.35,0.7,30,71.323,-156.611,27.46,11,16.46,...
BRW,2003,4,1,0,0,0,2003.246575,382.05,0.51,29,71.323,-156.611,27.46,11,16.46,...
BRW,2003,5,1,0,0,0,2003.328767,382.1,0.39,31,71.323,-156.611,27.46,11,16.46,...
BRW,2003,6,1,0,0,0,2003.413699,380.28,1.44,30,71.323,-156.611,27.46,11,16.46,...
BRW,2003,7,1,0,0,0,2003.49589,372.58,2.02,17,71.323,-156.611,27.46,11,16.46,...
BRW,2003,8,1,0,0,0,2003.580822,367.5,1.02,26,71.323,-156.611,27.46,11,16.46,...
BRW,2003,9,1,0,0,0,2003.665753,369.26,2.17,26,71.323,-156.611,27.46,11,16.46,...
BRW,2003,10,1,0,0,0,2003.747945,374.1,2.53,28,71.323,-156.611,27.46,11,16.46,...
BRW,2003,11,1,0,0,0,2003.832877,378.85,1.49,28,71.323,-156.611,27.46,11,16.46,...
BRW,2003,12,1,0,0,0,2003.915068,381.99,1.64,30,71.323,-156.611,27.46,11,16.46,...
BRW,2004,1,1,0,0,0,2004,382.29,1.16,30,71.323,-156.611,27.46,11,16.46,...
BRW,2004,2,1,0,0,0,2004.084699,383.31,1.1,16,71.323,-156.611,27.46,11,16.46,...
BRW,2004,3,1,0,0,0,2004.163934,382.44,0.45,31,71.323,-156.611,27.46,11,16.46,...
BRW,2004,4,1,0,0,0,2004.248634,383.7,0.6,30,71.323,-156.611,27.46,11,16.46,...
BRW,2004,5,1,0,0,0,2004.330601,384.02,0.66,27,71.323,-156.611,27.46,11,16.46,...
BRW,2004,6,1,0,0,0,2004.415301,380.47,2.92,28,71.323,-156.611,27.46,11,16.46,...
BRW,2004,7,1,0,0,0,2004.497268,374.27,2.84,23,71.323,-156.611,27.46,11,16.46,...
BRW,2004,8,1,0,0,0,2004.581967,367.23,2.48,23,71.323,-156.611,27.46,11,16.46,...
BRW,2004,9,1,0,0,0,2004.666667,369.79,1.77,28,71.323,-156.611,27.46,11,16.46,...
BRW,2004,10,1,0,0,0,2004.748634,376.3,4.31,28,71.323,-156.611,27.46,11,16.46,...
BRW,2004,11,1,0,0,0,2004.833333,380.98,2.22,26,71.323,-156.611,27.46,11,16.46,...
BRW,2004,12,1,0,0,0,2004.915301,382.58,1.17,31,71.323,-156.611,27.46,11,16.46,...
BRW,2005,1,1,0,0,0,2005,384.97,1.78,31,71.323,-156.611,27.46,11,16.46,...
BRW,2005,2,1,0,0,0,2005.084932,385.66,1.14,28,71.323,-156.611,27.46,11,16.46,...
BRW,2005,3,1,0,0,0,2005.161644,384.89,0.58,31,71.323,-156.611,27.46,11,16.46,...
BRW,2005,4,1,0,0,0,2005.246575,385.81,0.45,30,71.323,-156.611,27.46,11,16.46,...
BRW,2005,5,1,0,0,0,2005.328767,385.21,0.53,30,71.323,-156.611,27.46,11,16.46,...
BRW,2005,6,1,0,0,0,2005.413699,383.14,2.5,30,71.323,-156.611,27.46,11,16.46,...
BRW,2005,7,1,0,0,0,2005.49589,376.32,2.93,31,71.323,-156.611,27.46,11,16.46,...
BRW,2005,8,1,0,0,0,2005.580822,369.99,0.8,23,71.323,-156.611,27.46,11,16.46,...
BRW,2005,9,1,0,0,0,2005.665753,372.09,2.18,28,71.323,-156.611,27.46,11,16.46,...
BRW,2005,10,1,0,0,0,2005.747945,378.05,2.56,29,71.323,-156.611,27.46,11,16.46,...
BRW,2005,11,1,0,0,0,2005.832877,381.81,1.6,30,71.323,-156.611,27.46,11,16.46,...
BRW,2005,12,1,0,0,0,2005.915068,385.56,0.66,31,71.323,-156.611,27.46,11,16.46,...
BRW,2006,1,1,0,0,0,2006,386.32,0.89,31,71.323,-156.611,27.46,11,16.46,...
BRW,2006,2,1,0,0,0,2006.084932,386.42,0.35,27,71.323,-156.611,27.46,11,16.46,...
BRW,2006,3,1,0,0,0,2006.161644,387.48,0.6,30,71.323,-156.611,27.46,11,16.46,...
BRW,2006,4,1,0,0,0,2006.246575,387.49,0.31,30,71.323,-156.611,27.46,11,16.46,...
BRW,2006,5,1,0,0,0,2006.328767,388.57,0.88,29,71.323,-156.611,27.46,11,16.46,...
BRW,2006,6,1,0,0,0,2006.413699,386.25,2.15,26,71.323,-156.611,27.46,11,16.46,...
BRW,2006,7,1,0,0,0,2006.49589,378.97,4.09,28,71.323,-156.611,27.46,11,16.46,...
BRW,2006,8,1,0,0,0,2006.580822,372.73,0.75,30,71.323,-156.611,27.46,11,16.46,...
BRW,2006,9,1,0,0,0,2006.665753,374.82,2.62,21,71.323,-156.611,27.46,11,16.46,...
BRW,2006,10,1,0,0,0,2006.747945,380.5,2.73,28,71.323,-156.611,27.46,11,16.46,...
BRW,2006,11,1,0,0,0,2006.832877,384.67,1.42,24,71.323,-156.611,27.46,11,16.46,...
BRW,2006,12,1,0,0,0,2006.915068,387.57,0.97,26,71.323,-156.611,27.46,11,16.46,...
BRW,2007,1,1,0,0,0,2007,389.18,0.81,31,71.323,-156.611,27.46,11,16.46,...
BRW,2007,2,1,0,0,0,2007.084932,389.15,0.68,28,71.323,-156.611,27.46,11,16.46,...
BRW,2007,3,1,0,0,0,2007.161644,390.15,0.62,29,71.323,-156.611,27.46,11,16.46,...
BRW,2007,4,1,0,0,0,2007.246575,390.23,0.41,30,71.323,-156.611,27.46,11,16.46,...
BRW,2007,5,1,0,0,0,2007.328767,389.67,0.4,31,71.323,-156.611,27.46,11,16.46,...
BRW,2007,6,1,0,0,0,2007.413699,386.77,1.63,30,71.323,-156.611,27.46,11,16.46,...
BRW,2007,7,1,0,0,0,2007.49589,377.96,3.23,30,71.323,-156.611,27.46,11,16.46,...
BRW,2007,8,1,0,0,0,2007.580822,373.68,1,25,71.323,-156.611,27.46,11,16.46,...
BRW,2007,9,1,0,0,0,2007.665753,376.47,1.84,22,71.323,-156.611,27.46,11,16.46,...
BRW,2007,10,1,0,0,0,2007.747945,380.92,2.23,31,71.323,-156.611,27.46,11,16.46,...
BRW,2007,11,1,0,0,0,2007.832877,385.96,2.19,30,71.323,-156.611,27.46,11,16.46,...
BRW,2007,12,1,0,0,0,2007.915068,389.34,1.48,30,71.323,-156.611,27.46,11,16.46,...
BRW,2008,1,1,0,0,0,2008,390.82,1.17,24,71.323,-156.611,27.46,11,16.46,...
BRW,2008,2,1,0,0,0,2008.084699,392.57,0.69,28,71.323,-156.611,27.46,11,16.46,...
BRW,2008,3,1,0,0,0,2008.163934,392.75,0.76,31,71.323,-156.611,27.46,11,16.46,...
BRW,2008,4,1,0,0,0,2008.248634,393.06,0.51,30,71.323,-156.611,27.46,11,16.46,...
BRW,2008,5,1,0,0,0,2008.330601,392.81,0.75,29,71.323,-156.611,27.46,11,16.46,...
BRW,2008,6,1,0,0,0,2008.415301,389.34,2.18,27,71.323,-156.611,27.46,11,16.46,...
BRW,2008,7,1,0,0,0,2008.497268,382.44,1.75,25,71.323,-156.611,27.46,11,16.46,...
BRW,2008,8,1,0,0,0,2008.581967,375.42,1.24,11,71.323,-156.611,27.46,11,16.46,...
BRW,2008,9,1,0,0,0,2008.666667,377.61,1.76,29,71.323,-156.611,27.46,11,16.46,...
BRW,2008,10,1,0,0,0,2008.748634,382.8,2.7,27,71.323,-156.611,27.46,11,16.46,...
BRW,2008,11,1,0,0,0,2008.833333,388.4,2.34,30,71.323,-156.611,27.46,11,16.46,...
BRW,2008,12,1,0,0,0,2008.915301,390.91,1.25,25,71.323,-156.611,27.46,11,16.46,...
BRW,2009,1,1,0,0,0,2009,392.76,1.23,31,71.323,-156.611,27.46,11,16.46,...
BRW,2009,2,1,0,0,0,2009.084932,393.11,1.11,28,71.323,-156.611,27.46,11,16.46,...
BRW,2009,3,1,0,0,0,2009.161644,393.31,0.55,31,71.323,-156.611,27.46,11,16.46,...
BRW,2009,4,1,0,0,0,2009.246575,394.57,0.58,30,71.323,-156.611,27.46,11,16.46,...
BRW,2009,5,1,0,0,0,2009.328767,394.02,0.56,31,71.323,-156.611,27.46,11,16.46,...
BRW,2009,6,1,0,0,0,2009.413699,391.18,1.67,29,71.323,-156.611,27.46,11,16.46,...
BRW,2009,7,1,0,0,0,2009.49589,383.33,3.32,27,71.323,-156.611,27.46,11,16.46,...
BRW,2009,8,1,0,0,0,2009.580822,376.36,0.99,28,71.323,-156.611,27.46,11,16.46,...
BRW,2009,9,1,0,0,0,2009.665753,378.12,1.66,30,71.323,-156.611,27.46,11,16.46,...
BRW,2009,10,1,0,0,0,2009.747945,383.83,2.57,26,71.323,-156.611,27.46,11,16.46,...
BRW,2009,11,1,0,0,0,2009.832877,387.68,1.97,30,71.323,-156.611,27.46,11,16.46,...
BRW,2009,12,1,0,0,0,2009.915068,391.56,1.13,31,71.323,-156.611,27.46,11,16.46,...
BRW,2010,1,1,0,0,0,2010,393.37,1.08,28,71.323,-156.611,27.46,11,16.46,...
BRW,2010,2,1,0,0,0,2010.084932,394.13,0.58,28,71.323,-156.611,27.46,11,16.46,...
BRW,2010,3,1,0,0,0,2010.161644,394.49,0.96,30,71.323,-156.611,27.46,11,16.46,...
BRW,2010,4,1,0,0,0,2010.246575,395.76,0.65,30,71.323,-156.611,27.46,11,16.46,...
BRW,2010,5,1,0,0,0,2010.328767,395.31,0.49,31,71.323,-156.611,27.46,11,16.46,...
BRW,2010,6,1,0,0,0,2010.413699,392.56,1.74,30,71.323,-156.611,27.46,11,16.46,...
BRW,2010,7,1,0,0,0,2010.49589,385.39,3.08,26,71.323,-156.611,27.46,11,16.46,...
BRW,2010,8,1,0,0,0,2010.580822,380.29,1.29,25,71.323,-156.611,27.46,11,16.46,...
BRW,2010,9,1,0,0,0,2010.665753,383.27,1.8,26,71.323,-156.611,27.46,11,16.46,...
BRW,2010,10,1,0,0,0,2010.747945,387.53,2.13,30,71.323,-156.611,27.46,11,16.46,...
BRW,2010,11,1,0,0,0,2010.832877,392.37,2.44,27,71.323,-156.611,27.46,11,16.46,...
BRW,2010,12,1,0,0,0,2010.915068,396.7,1.29,30,71.323,-156.611,27.46,11,16.46,...
BRW,2011,1,1,0,0,0,2011,398.34,1.9,27,71.323,-156.611,27.46,11,16.46,...
BRW,2011,2,1,0,0,0,2011.084932,397.66,1.01,26,71.323,-156.611,27.46,11,16.46,...
BRW,2011,3,1,0,0,0,2011.161644,397.92,0.6,31,71.323,-156.611,27.46,11,16.46,...
BRW,2011,4,1,0,0,0,2011.246575,398.49,0.29,26,71.323,-156.611,27.46,11,16.46,...
BRW,2011,5,1,0,0,0,2011.328767,398.17,0.87,23,71.323,-156.611,27.46,11,16.46,...
BRW,2011,6,1,0,0,0,2011.413699,394.69,1.8,30,71.323,-156.611,27.46,11,16.46,...
BRW,2011,7,1,0,0,0,2011.49589,386.52,3.74,23,71.323,-156.611,27.46,11,16.46,...
BRW,2011,8,1,0,0,0,2011.580822,380.24,0.78,26,71.323,-156.611,27.46,11,16.46,...
BRW,2011,9,1,0,0,0,2011.665753,383.61,1.63,27,71.323,-156.611,27.46,11,16.46,...
BRW,2011,10,1,0,0,0,2011.747945,389,1.35,28,71.323,-156.611,27.46,11,16.46,...
BRW,2011,11,1,0,0,0,2011.832877,395.5,3.13,27,71.323,-156.611,27.46,11,16.46,...
BRW,2011,12,1,0,0,0,2011.915068,397.68,1.05,30,71.323,-156.611,27.46,11,16.46,...
BRW,2012,1,1,0,0,0,2012,399.66,1.09,31,71.323,-156.611,27.46,11,16.46,...
BRW,2012,2,1,0,0,0,2012.084699,399.03,0.68,29,71.323,-156.611,27.46,11,16.46,...
BRW,2012,3,1,0,0,0,2012.163934,399.11,0.39,30,71.323,-156.611,27.46,11,16.46,...
BRW,2012,4,1,0,0,0,2012.248634,400.02,0.4,30,71.323,-156.611,27.46,11,16.46,...
BRW,2012,5,1,0,0,0,2012.330601,400.38,0.8,27,71.323,-156.611,27.46,11,16.46,...
BRW,2012,6,1,0,0,0,2012.415301,396.34,2.59,29,71.323,-156.611,27.46,11,16.46,...
BRW,2012,7,1,0,0,0,2012.497268,387.64,3.31,25,71.323,-156.611,27.46,11,16.46,...
BRW,2012,8,1,0,0,0,2012.581967,383.31,2.75,17,71.323,-156.611,27.46,11,16.46,...
BRW,2012,9,1,0,0,0,2012.666667,385.56,2.58,29,71.323,-156.611,27.46,11,16.46,...
BRW,2012,10,1,0,0,0,2012.748634,392.26,2.42,24,71.323,-156.611,27.46,11,16.46,...
BRW,2012,11,1,0,0,0,2012.833333,397.59,1.82,21,71.323,-156.611,27.46,11,16.46,...
BRW,2012,12,1,0,0,0,2012.915301,399.79,0.96,26,71.323,-156.611,27.46,11,16.46,...
BRW,2013,1,1,0,0,0,2013,400.11,1.06,31,71.323,-156.611,27.46,11,16.46,...
BRW,2013,2,1,0,0,0,2013.084932,402.44,1.5,27,71.323,-156.611,27.46,11,16.46,...
BRW,2013,3,1,0,0,0,2013.161644,401.9,0.51,31,71.323,-156.611,27.46,11,16.46,...
BRW,2013,4,1,0,0,0,2013.246575,402.38,0.67,30,71.323,-156.611,27.46,11,16.46,...
BRW,2013,5,1,0,0,0,2013.328767,403.12,0.49,31,71.323,-156.611,27.46,11,16.46,...
BRW,2013,6,1,0,0,0,2013.413699,399.59,2.68,28,71.323,-156.611,27.46,11,16.46,...
BRW,2013,7,1,0,0,0,2013.49589,390.94,4.44,20,71.323,-156.611,27.46,11,16.46,...
BRW,2013,8,1,0,0,0,2013.580822,387.27,1,27,71.323,-156.611,27.46,11,16.46,...
BRW,2013,9,1,0,0,0,2013.665753,388.57,1.16,24,71.323,-156.611,27.46,11,16.46,...
BRW,2013,10,1,0,0,0,2013.747945,394.95,2.56,25,71.323,-156.611,27.46,11,16.46,...
BRW,2013,11,1,0,0,0,2013.832877,400.02,1.17,28,71.323,-156.611,27.46,11,16.46,...
BRW,2013,12,1,0,0,0,2013.915068,402.95,1.75,28,71.323,-156.611,27.46,11,16.46,...
BRW,2014,1,1,0,0,0,2014,402.18,0.76,30,71.323,-156.611,27.46,11,16.46,...
BRW,2014,2,1,0,0,0,2014.084932,404.62,0.97,28,71.323,-156.611,27.46,11,16.46,...
BRW,2014,3,1,0,0,0,2014.161644,404.73,0.57,29,71.323,-156.611,27.46,11,16.46,...
BRW,2014,4,1,0,0,0,2014.246575,405.06,0.56,29,71.323,-156.611,27.46,11,16.46,...
BRW,2014,5,1,0,0,0,2014.328767,405.09,0.5,30,71.323,-156.611,27.46,11,16.46,...
BRW,2014,6,1,0,0,0,2014.413699,402.67,1.41,30,71.323,-156.611,27.46,11,16.46,...
BRW,2014,7,1,0,0,0,2014.49589,394.86,2.01,29,71.323,-156.611,27.46,11,16.46,...
BRW,2014,8,1,0,0,0,2014.580822,388.41,1.66,28,71.323,-156.611,27.46,11,16.46,...
BRW,2014,9,1,0,0,0,2014.665753,389.78,2.17,30,71.323,-156.611,27.46,11,16.46,...
BRW,2014,10,1,0,0,0,2014.747945,394.19,1.55,26,71.323,-156.611,27.46,11,16.46,...
BRW,2014,11,1,0,0,0,2014.832877,401.27,2.29,26,71.323,-156.611,27.46,11,16.46,...
BRW,2014,12,1,0,0,0,2014.915068,404.45,1.92,30,71.323,-156.611,27.46,11,16.46,...
BRW,2015,1,1,0,0,0,2015,405.39,0.84,29,71.323,-156.611,27.46,11,16.46,...
BRW,2015,2,1,0,0,0,2015.084932,407.3,1.47,28,71.323,-156.611,27.46,11,16.46,...
BRW,2015,3,1,0,0,0,2015.161644,406.98,0.46,30,71.323,-156.611,27.46,11,16.46,...
BRW,2015,4,1,0,0,0,2015.246575,407.23,0.46,30,71.323,-156.611,27.46,11,16.46,...
BRW,2015,5,1,0,0,0,2015.328767,407.11,0.52,30,71.323,-156.611,27.46,11,16.46,...
BRW,2015,6,1,0,0,0,2015.413699,402.89,2.78,28,71.323,-156.611,27.46,11,16.46,...
BRW,2015,7,1,0,0,0,2015.49589,394.82,2.35,29,71.323,-156.611,27.46,11,16.46,...
BRW,2015,8,1,0,0,0,2015.580822,390.22,1.26,29,71.323,-156.611,27.46,11,16.46,...
BRW,2015,9,1,0,0,0,2015.665753,392.26,1.92,29,71.323,-156.611,27.46,11,16.46,...
BRW,2015,10,1,0,0,0,2015.747945,397.17,1.75,30,71.323,-156.611,27.46,11,16.46,...
BRW,2015,11,1,0,0,0,2015.832877,403.99,1.94,29,71.323,-156.611,27.46,11,16.46,...
BRW,2015,12,1,0,0,0,2015.915068,407.38,1.3,31,71.323,-156.611,27.46,11,16.46,...
BRW,2016,1,1,0,0,0,2016,408.39,1.06,27,71.323,-156.611,27.46,11,16.46,...
BRW,2016,2,1,0,0,0,2016.084699,408.3,0.61,27,71.323,-156.611,27.46,11,16.46,...
BRW,2016,3,1,0,0,0,2016.163934,408.87,0.49,29,71.323,-156.611,27.46,11,16.46,...
BRW,2016,4,1,0,0,0,2016.248634,409.56,0.26,30,71.323,-156.611,27.46,11,16.46,...
BRW,2016,5,1,0,0,0,2016.330601,409.25,0.97,31,71.323,-156.611,27.46,11,16.46,...
BRW,2016,6,1,0,0,0,2016.415301,406.23,2.9,27,71.323,-156.611,27.46,11,16.46,...
BRW,2016,7,1,0,0,0,2016.497268,396.75,2.42,24,71.323,-156.611,27.46,11,16.46,...
BRW,2016,8,1,0,0,0,2016.581967,392.83,1.05,28,71.323,-156.611,27.46,11,16.46,...
BRW,2016,9,1,0,0,0,2016.666667,395.69,3.53,25,71.323,-156.611,27.46,11,16.46,...
BRW,2016,10,1,0,0,0,2016.748634,404.14,2.75,28,71.323,-156.611,27.46,11,16.46,...
BRW,2016,11,1,0,0,0,2016.833333,406.19,1.55,27,71.323,-156.611,27.46,11,16.46,...
BRW,2016,12,1,0,0,0,2016.915301,410.49,1.31,27,71.323,-156.611,27.46,11,16.46,...
BRW,2017,1,1,0,0,0,2017,411.8,1.4,31,71.323,-156.611,27.46,11,16.46,...
BRW,2017,2,1,0,0,0,2017.084932,414.38,2.57,27,71.323,-156.611,27.46,11,16.46,...
BRW,2017,3,1,0,0,0,2017.161644,413.87,0.65,28,71.323,-156.611,27.46,11,16.46,...
BRW,2017,4,1,0,0,0,2017.246575,413.47,0.37,30,71.323,-156.611,27.46,11,16.46,...
BRW,2017,5,1,0,0,0,2017.328767,413.32,0.57,31,71.323,-156.611,27.46,11,16.46,...
BRW,2017,6,1,0,0,0,2017.413699,410.38,2.36,29,71.323,-156.611,27.46,11,16.46,...
BRW,2017,7,1,0,0,0,2017.49589,402.04,2.59,20,71.323,-156.611,27.46,11,16.46,...
BRW,2017,8,1,0,0,0,2017.580822,396.12,0.64,28,71.323,-156.611,27.46,11,16.46,...
BRW,2017,9,1,0,0,0,2017.665753,398.17,2.43,27,71.323,-156.611,27.46,11,16.46,...
BRW,2017,10,1,0,0,0,2017.747945,404.32,2.43,23,71.323,-156.611,27.46,11,16.46,...
BRW,2017,11,1,0,0,0,2017.832877,410.15,1.11,28,71.323,-156.611,27.46,11,16.46,...
BRW,2017,12,1,0,0,0,2017.915068,411.35,1.38,30,71.323,-156.611,27.46,11,16.46,...
BRW,2018,1,1,0,0,0,2018,413.21,0.77,29,71.323,-156.611,27.46,11,16.46,...
BRW,2018,2,1,0,0,0,2018.084932,414.16,1.15,28,71.323,-156.611,27.46,11,16.46,...
BRW,2018,3,1,0,0,0,2018.161644,414.54,0.53,31,71.323,-156.611,27.46,11,16.46,...
BRW,2018,4,1,0,0,0,2018.246575,415.91,0.5,30,71.323,-156.611,27.46,11,16.46,...
BRW,2018,5,1,0,0,0,2018.328767,415.48,0.63,31,71.323,-156.611,27.46,11,16.46,...
BRW,2018,6,1,0,0,0,2018.413699,413.27,1.97,30,71.323,-156.611,27.46,11,16.46,...
BRW,2018,7,1,0,0,0,2018.49589,404.43,2.96,24,71.323,-156.611,27.46,11,16.46,...
BRW,2018,8,1,0,0,0,2018.580822,399.29,1.79,26,71.323,-156.611,27.46,11,16.46,...
BRW,2018,9,1,0,0,0,2018.665753,400.56,2.32,27,71.323,-156.611,27.46,11,16.46,...
BRW,2018,10,1,0,0,0,2018.747945,405.8,1.89,30,71.323,-156.611,27.46,11,16.46,...
BRW,2018,11,1,0,0,0,2018.832877,411.82,1.59,25,71.323,-156.611,27.46,11,16.46,...
BRW,2018,12,1,0,0,0,2018.915068,414.55,1.21,31,71.323,-156.611,27.46,11,16.46,...
BRW,2019,1,1,0,0,0,2019,416.06,1.02,26,71.323,-156.611,27.46,11,16.46,...
BRW,2019,2,1,0,0,0,2019.084932,416.79,0.91,28,71.323,-156.611,27.46,11,16.46,...
BRW,2019,3,1,0,0,0,2019.161644,417.44,0.7,31,71.323,-156.611,27.46,11,16.46,...
BRW,2019,4,1,0,0,0,2019.246575,417.81,0.47,30,71.323,-156.611,27.46,11,16.46,...
BRW,2019,5,1,0,0,0,2019.328767,417.02,0.82,31,71.323,-156.611,27.46,11,16.46,...
BRW,2019,6,1,0,0,0,2019.413699,413.79,1.49,27,71.323,-156.611,27.46,11,16.46,...
BRW,2019,7,1,0,0,0,2019.49589,404.49,2.55,19,71.323,-156.611,27.46,11,16.46,...
BRW,2019,8,1,0,0,0,2019.580822,400.46,1.46,27,71.323,-156.611,27.46,11,16.46,...
BRW,2019,9,1,0,0,0,2019.665753,404.35,2.9,22,71.323,-156.611,27.46,11,16.46,...
BRW,2019,10,1,0,0,0,2019.747945,409.49,2.28,25,71.323,-156.611,27.46,11,16.46,...
BRW,2019,11,1,0,0,0,2019.832877,414.14,1.76,25,71.323,-156.611,27.46,11,16.46,...
BRW,2019,12,1,0,0,0,2019.915068,416.8,1.18,29,71.323,-156.611,27.46,11,16.46,...
